ad_spend,impressions,clicks,conversions,engagement_score,roi,digital_waste,region,platform,category
4058.13,329278,7152,1413,0.77,2.03,0.39,Europe,LinkedIn,Education
9531.79,161563,3754,1953,0.39,0.95,0.62,Europe,Instagram,Technology
7453.94,666701,7202,688,0.9,1.83,0.86,Asia,Instagram,Healthcare
6187.26,709983,2459,2497,0.18,1.52,0.35,South America,LinkedIn,Retail
1982.18,624615,8205,2990,0.83,1.67,0.65,Europe,Google Ads,Finance
1981.95,403554,8736,16,0.88,0.98,0.35,North America,LinkedIn,Finance
1051.79,212503,6541,2478,0.84,1.4,0.62,Australia,Google Ads,Healthcare
8728.67,153326,5147,1601,0.56,1.92,0.88,Europe,Instagram,Finance
6210.59,717220,8327,842,0.49,0.69,0.23,South America,Google Ads,Retail
7226.69,21344,5303,2616,1.0,1.92,0.4,Asia,YouTube,Retail
695.55,404966,9767,1820,0.31,1.28,0.99,North America,LinkedIn,Finance
9714.14,982260,1898,923,0.59,-0.0,0.87,Asia,YouTube,Finance
8408.21,602245,9700,2021,0.7,-0.43,0.56,Australia,Instagram,Education
2517.22,115423,5391,1452,0.73,0.59,0.52,Europe,LinkedIn,Technology
2227.34,330197,5595,1460,0.28,1.14,0.28,Europe,Instagram,Healthcare
2242.34,474071,6384,1512,0.69,2.02,0.52,South America,YouTube,Retail
3390.3,681256,7385,135,0.84,-0.12,0.85,Europe,Instagram,Healthcare
5485.19,196833,1400,2452,0.15,1.9,0.69,North America,LinkedIn,Education
4603.48,727912,6969,826,0.92,2.09,0.29,Australia,LinkedIn,Retail
3266.68,785435,9535,2938,0.13,-0.05,0.2,Asia,Instagram,Education
6312.6,87454,3197,1839,0.42,2.05,0.27,Australia,LinkedIn,Education
1825.19,267594,4716,585,0.11,2.47,0.17,Europe,LinkedIn,Finance
3275.37,521897,109,2382,0.17,1.68,0.1,Asia,Instagram,Healthcare
3980.44,362744,5852,1425,0.92,1.85,0.42,South America,YouTube,Healthcare
4832.66,919164,9952,939,0.42,2.48,0.11,Australia,LinkedIn,Finance
7959.17,526142,6395,1473,0.48,1.32,0.17,Asia,LinkedIn,Healthcare
2396.9,955439,4915,842,0.29,0.42,0.55,Asia,LinkedIn,Finance
5385.23,47641,1172,1064,0.64,2.01,0.16,Asia,LinkedIn,Retail
6127.94,563999,3325,1658,0.64,1.34,0.06,North America,Instagram,Education
941.28,866774,1416,1910,0.43,1.24,0.32,Australia,YouTube,Education
6271.68,379040,5799,1467,0.4,0.26,0.22,Asia,YouTube,Healthcare
2119.98,677542,6907,2894,0.9,1.77,0.52,Australia,Google Ads,Technology
1117.99,622121,6774,2983,0.44,-0.25,0.1,Asia,LinkedIn,Education
9514.41,328420,3783,1409,0.54,2.27,0.75,South America,LinkedIn,Finance
9673.5,291685,7327,452,0.35,0.48,0.91,South America,Google Ads,Technology
8179.77,890889,3373,2132,0.81,-0.12,0.74,South America,YouTube,Technology
3393.83,485526,7100,566,0.46,0.83,0.53,Europe,Facebook,Education
1427.89,54813,245,1188,0.56,-0.37,0.86,Asia,Facebook,Education
7000.21,702558,5110,2047,0.33,1.55,0.69,Europe,YouTube,Education
4681.45,674180,3140,372,0.99,2.21,0.01,Australia,LinkedIn,Finance
1659.36,296214,9754,2505,0.36,2.01,0.39,Europe,Facebook,Technology
5204.18,997272,9876,1267,0.79,-0.12,0.85,Australia,Instagram,Healthcare
826.69,938626,582,1851,0.48,-0.12,0.35,Australia,Instagram,Finance
9138.54,352703,3279,2319,0.29,1.94,0.04,Australia,Google Ads,Retail
2958.41,214615,1349,1860,0.82,2.27,0.75,Europe,YouTube,Education
6793.96,486657,730,2182,0.4,0.88,0.8,Asia,YouTube,Technology
3461.26,576074,8953,920,0.88,1.0,0.16,Europe,Facebook,Finance
5440.65,760294,2952,254,0.92,0.45,0.54,Asia,LinkedIn,Retail
5693.75,765164,1087,551,0.87,2.18,0.19,Asia,YouTube,Finance
2256.12,409953,7722,2542,0.13,1.43,0.72,Australia,Facebook,Finance
9711.05,832494,7427,2179,0.81,0.36,0.27,Europe,Facebook,Healthcare
7863.76,981741,9838,2182,0.47,0.4,0.32,Asia,YouTube,Healthcare
9425.24,848003,8941,1582,0.89,2.17,0.84,South America,Facebook,Finance
9000.86,297654,9260,2227,0.67,-0.46,0.48,Asia,Google Ads,Retail
6180.05,291570,1200,133,0.85,0.47,0.67,South America,Google Ads,Technology
9257.81,47265,6752,2703,0.55,1.16,0.4,Europe,YouTube,Technology
1340.68,945354,8732,1741,0.58,-0.06,0.3,Europe,LinkedIn,Education
2361.84,259321,7521,795,0.23,-0.22,0.63,Europe,Google Ads,Education
929.66,76150,5116,2053,0.81,1.95,0.15,Asia,Google Ads,Technology
3590.64,621600,869,2258,0.48,2.18,0.37,North America,YouTube,Finance
4192.43,99613,1443,2426,0.55,1.97,0.21,Asia,Instagram,Finance
3077.82,347054,4458,806,0.81,2.2,0.7,Asia,Facebook,Healthcare
8373.01,848807,9869,86,0.64,1.16,0.94,Australia,Google Ads,Healthcare
3889.16,131826,6880,68,0.28,1.94,1.0,Australia,Instagram,Education
3168.88,569723,6702,2488,0.63,0.65,0.45,Asia,LinkedIn,Technology
5655.61,892875,2449,2695,0.47,1.5,0.25,South America,Instagram,Finance
1838.78,460348,5799,1533,0.52,2.47,0.44,Australia,YouTube,Technology
8120.87,220017,1341,1946,0.13,0.18,0.85,Asia,LinkedIn,Retail
1208.23,144055,1225,2166,0.29,0.67,0.21,North America,LinkedIn,Technology
9875.43,500457,9482,1311,0.35,0.94,0.95,South America,Instagram,Retail
7836.33,686022,6864,77,0.74,-0.09,0.34,Europe,YouTube,Healthcare
2387.8,819942,5201,2362,0.11,-0.26,0.99,Asia,Google Ads,Healthcare
552.46,743547,7943,1942,0.47,1.99,0.84,Asia,Instagram,Education
8246.88,706358,172,2731,0.93,2.43,0.81,South America,Google Ads,Technology
7215.14,460062,5572,374,0.2,0.71,0.32,Australia,Instagram,Technology
7425.57,104071,5289,830,0.56,-0.24,0.01,Australia,Google Ads,Retail
7827.07,803072,2572,1412,0.81,-0.3,0.38,Australia,Instagram,Healthcare
1203.42,316691,807,2400,0.95,2.17,0.3,Europe,LinkedIn,Retail
3905.42,851052,1904,956,0.77,0.89,0.04,South America,Facebook,Healthcare
1600.76,156389,6804,2956,0.75,0.46,0.51,South America,LinkedIn,Retail
8699.48,649896,3813,1587,0.84,0.93,0.4,Australia,Google Ads,Healthcare
6421.33,279708,5151,1387,0.5,0.45,0.63,Australia,YouTube,Retail
3643.53,692705,2575,1449,0.83,0.97,0.62,North America,LinkedIn,Healthcare
1103.8,648112,3710,771,0.11,2.08,0.12,North America,Facebook,Retail
3454.33,264444,4355,350,0.93,1.28,0.98,Asia,Google Ads,Technology
3589.24,613561,7497,2999,0.5,1.58,0.19,Asia,LinkedIn,Education
7431.26,871291,1835,392,0.6,0.59,0.45,South America,Instagram,Retail
6556.8,221837,9877,1013,0.33,1.72,0.49,South America,YouTube,Education
8928.52,120017,8358,1566,0.77,1.5,0.81,Europe,Google Ads,Technology
4986.04,133618,8079,309,0.17,-0.14,0.1,Europe,LinkedIn,Technology
1636.15,979897,2528,148,0.89,1.22,0.43,North America,Google Ads,Healthcare
7275.83,469297,7526,368,0.85,0.27,0.63,Asia,Instagram,Education
7727.46,135341,8633,845,0.29,1.91,0.22,North America,Facebook,Finance
5832.13,825862,5349,1532,0.83,0.78,0.63,North America,LinkedIn,Healthcare
7824.19,740892,5391,1637,0.81,2.48,0.92,Asia,Google Ads,Education
5191.06,562076,2917,1992,0.67,-0.22,1.0,Europe,Google Ads,Retail
5465.96,760865,9524,1313,0.44,1.84,0.03,Asia,Google Ads,Retail
4561.64,451759,3974,2540,0.34,1.52,0.24,Australia,Facebook,Technology
741.48,941423,9786,918,0.31,1.8,0.31,Australia,Google Ads,Finance
1524.97,865778,4311,1144,0.39,0.42,0.4,Australia,YouTube,Retail
798.58,892554,761,2923,0.91,0.98,0.24,South America,YouTube,Education
6545.9,574262,3474,2196,0.17,1.89,0.2,Europe,Google Ads,Education
3486.38,903741,9308,1005,0.85,0.2,0.95,Europe,YouTube,Retail
5331.42,550659,307,2492,0.41,0.18,0.92,South America,LinkedIn,Education
9121.88,841516,2765,2566,0.57,1.15,0.05,North America,YouTube,Education
2868.28,432845,2593,2330,0.82,1.07,0.34,Australia,Google Ads,Technology
4398.64,716544,6913,2161,0.9,0.35,0.41,Australia,Instagram,Finance
7677.74,334060,732,1247,0.41,0.39,0.24,North America,LinkedIn,Technology
2673.58,608260,3183,1794,0.52,0.33,0.63,Asia,Facebook,Finance
1231.31,203259,3819,2819,0.47,1.81,0.64,Asia,Google Ads,Education
3252.64,285128,7223,2844,0.11,1.46,0.85,Europe,Facebook,Finance
2031.6,829471,1779,174,0.37,2.0,0.74,South America,Instagram,Education
9332.13,619719,336,1008,0.51,2.43,0.54,Europe,Facebook,Education
8177.14,880123,7546,2577,0.47,0.92,0.65,Asia,Google Ads,Technology
6517.34,855038,4543,1317,0.75,-0.3,0.27,North America,Google Ads,Technology
8778.88,413832,6870,2574,0.45,-0.36,0.59,Europe,Instagram,Healthcare
8134.88,899097,9832,666,0.54,0.39,0.49,Australia,Google Ads,Retail
2272.42,639661,6199,2670,0.49,2.3,0.13,Australia,Instagram,Healthcare
8979.31,191144,8655,2221,0.77,1.07,0.24,North America,Instagram,Healthcare
5623.75,821006,2468,1919,0.88,0.32,0.29,Asia,Google Ads,Finance
8170.68,930934,385,2056,0.58,0.7,0.92,Australia,YouTube,Education
9012.87,260195,248,2121,0.81,1.3,0.23,Australia,Instagram,Education
3521.03,153748,4137,1150,0.37,1.46,0.29,South America,Google Ads,Education
1545.49,414032,6649,1899,0.59,-0.04,0.37,Europe,YouTube,Retail
2665.38,42733,7221,276,0.41,2.43,0.66,Asia,Instagram,Finance
4557.52,751040,4995,1855,0.47,1.13,0.12,Europe,YouTube,Finance
8271.14,536338,5380,1718,0.76,-0.09,0.95,Asia,LinkedIn,Education
8676.94,119996,1112,2303,0.89,2.18,0.87,Australia,LinkedIn,Healthcare
566.05,568221,9815,2452,0.21,-0.28,0.58,South America,YouTube,Retail
5352.1,559239,2885,1520,0.67,2.22,0.67,Europe,Instagram,Healthcare
4465.4,566701,3825,485,0.62,2.49,0.02,Australia,Google Ads,Technology
2610.02,175873,4676,986,0.21,1.6,0.34,Asia,Facebook,Finance
1638.72,720979,5882,1217,0.29,1.81,0.8,Europe,Google Ads,Finance
3707.34,960417,6357,1053,0.38,0.51,0.08,Europe,Facebook,Healthcare
9457.64,909005,9893,1970,0.25,2.32,0.28,Australia,Facebook,Retail
3570.43,443816,2508,567,0.32,1.09,0.59,Europe,Instagram,Finance
5428.51,723135,440,1027,0.34,1.7,0.26,South America,YouTube,Healthcare
7178.68,231888,2917,1615,0.4,2.27,0.93,South America,Google Ads,Retail
3954.48,795332,2596,892,0.77,2.43,0.13,Australia,YouTube,Healthcare
9731.93,755453,6062,2204,0.61,2.0,0.8,Asia,LinkedIn,Retail
9643.25,777950,5399,675,0.99,0.41,0.51,Australia,Instagram,Education
2891.93,176472,7674,2677,0.47,2.4,0.75,South America,Instagram,Retail
5223.86,407710,1789,1781,0.78,1.38,0.31,North America,LinkedIn,Technology
3358.34,221760,3367,2877,0.88,2.29,0.51,North America,Google Ads,Education
3205.98,132744,4506,873,0.71,1.53,0.86,Europe,LinkedIn,Healthcare
850.43,885863,8553,591,0.47,0.42,0.47,Europe,Google Ads,Education
6290.86,740051,1542,704,0.78,0.61,0.36,North America,Facebook,Education
5275.45,511946,8697,1261,0.28,1.15,0.54,South America,Instagram,Healthcare
989.05,53001,4537,1620,0.39,1.87,0.72,Europe,Google Ads,Healthcare
3147.14,601652,5535,1249,0.59,0.45,0.44,Australia,YouTube,Technology
9128.53,921420,8535,2464,0.62,1.24,0.94,Australia,YouTube,Healthcare
2775.84,841460,4207,408,0.12,0.54,0.29,South America,Instagram,Finance
1876.5,248506,660,1956,0.95,1.95,0.48,Europe,LinkedIn,Finance
5149.8,763019,8885,724,0.73,0.9,0.76,Australia,LinkedIn,Technology
9863.68,440789,5648,713,0.55,-0.27,0.69,Europe,Google Ads,Retail
2799.53,666166,1926,2818,0.94,-0.0,0.86,Europe,LinkedIn,Retail
6885.29,920775,7729,2556,0.5,-0.32,1.0,Australia,Instagram,Finance
7735.39,721998,8425,1724,0.98,1.0,0.43,North America,Google Ads,Healthcare
2757.56,662589,3238,1982,0.56,-0.18,0.11,Australia,Facebook,Technology
7418.06,922727,7793,91,0.2,-0.16,0.03,South America,LinkedIn,Retail
3993.94,509722,8364,613,0.79,2.32,0.73,Asia,LinkedIn,Retail
6506.91,695117,7942,1980,0.71,2.12,0.87,Australia,Google Ads,Education
6518.53,568924,6821,1720,0.8,0.86,0.22,Europe,YouTube,Finance
5589.86,745457,7102,2056,0.96,2.46,0.16,Europe,LinkedIn,Healthcare
1357.75,189352,4325,2829,0.8,-0.5,0.06,Australia,Instagram,Technology
8435.37,820694,3078,912,0.65,1.34,0.82,Asia,LinkedIn,Retail
3547.41,876867,7473,374,0.87,1.35,0.31,Australia,Facebook,Education
2271.93,203283,6007,172,0.71,0.87,0.4,Asia,LinkedIn,Finance
887.36,982346,6197,2568,0.47,0.69,0.5,Asia,YouTube,Finance
6113.48,925015,5756,1873,0.9,0.87,0.84,South America,LinkedIn,Technology
6936.86,460195,9084,125,0.3,0.74,0.65,Europe,Google Ads,Retail
657.58,779884,4359,2998,0.74,1.69,0.62,Europe,LinkedIn,Technology
5364.88,441413,8386,2394,0.89,-0.09,0.18,Asia,YouTube,Technology
2651.71,313988,6001,890,0.76,0.09,0.51,Europe,Google Ads,Education
6629.14,336898,9425,2794,0.73,0.04,0.72,North America,Instagram,Finance
2156.48,961661,5017,849,0.78,0.29,0.97,Asia,Google Ads,Healthcare
7063.91,873561,8529,2204,0.52,1.08,0.2,Europe,Facebook,Finance
4173.99,312186,2630,1356,0.89,-0.17,0.01,North America,Google Ads,Finance
9398.93,71665,2060,2500,0.28,2.1,0.08,South America,Instagram,Education
1806.45,256584,7145,2894,0.21,0.39,0.38,Europe,LinkedIn,Healthcare
3740.13,126953,1148,1046,0.36,-0.01,0.82,North America,Google Ads,Retail
1578.0,486072,5872,952,0.58,1.53,0.01,Australia,Google Ads,Healthcare
9284.59,692736,2629,1734,0.56,-0.39,0.46,Australia,Google Ads,Retail
8834.72,196626,3064,2344,0.84,1.36,0.33,North America,Google Ads,Healthcare
2950.45,155271,7237,2777,0.46,1.59,0.05,Asia,Instagram,Technology
6769.85,128533,1063,1147,0.54,0.14,0.45,Asia,YouTube,Healthcare
8263.61,978452,636,2537,0.11,-0.37,0.25,Europe,YouTube,Education
5774.41,608069,7440,31,0.47,0.59,0.35,Australia,Google Ads,Retail
5531.68,475966,7279,1759,0.68,-0.2,0.71,Asia,Instagram,Finance
2797.6,76262,8067,692,0.11,-0.15,0.52,Asia,Instagram,Education
1384.48,843032,8834,2963,0.35,0.26,0.12,Australia,Google Ads,Retail
9023.55,86898,945,1843,0.29,0.39,0.96,South America,Facebook,Retail
9053.97,465699,5877,2377,0.14,1.09,0.64,Asia,Google Ads,Finance
6514.46,159369,3136,135,0.53,1.54,0.77,North America,Facebook,Technology
3720.78,564736,6047,286,0.26,1.28,0.08,Europe,Google Ads,Education
3817.49,298316,2594,2009,0.77,-0.05,0.05,Asia,Facebook,Finance
7396.58,970378,2819,1237,0.86,0.02,0.02,Asia,Facebook,Finance
9022.55,17657,1984,2251,0.59,2.14,0.19,South America,Google Ads,Technology
8927.32,487602,4449,705,0.98,1.18,0.41,North America,Facebook,Education
7908.82,790977,5279,1319,0.51,2.11,0.94,Europe,LinkedIn,Finance
6599.3,952929,6710,66,0.56,0.61,0.46,Asia,YouTube,Technology
1299.33,954189,6530,28,0.99,1.34,0.29,Europe,Instagram,Education
2035.47,384999,7254,2321,0.31,1.07,0.56,Australia,Facebook,Healthcare
9036.26,952082,6588,2851,0.95,0.46,0.11,Asia,Facebook,Retail
6261.08,694191,4837,122,0.14,0.91,0.61,Asia,Instagram,Technology
587.37,17906,6625,551,0.5,1.01,0.57,Australia,Facebook,Retail
1463.98,333557,3950,2704,0.16,0.1,0.79,South America,Instagram,Healthcare
6803.27,588316,789,588,0.76,0.45,0.99,Asia,Google Ads,Finance
548.09,803719,5275,1098,0.65,1.87,0.25,Europe,LinkedIn,Finance
2027.68,305804,8748,34,0.74,2.25,0.51,North America,LinkedIn,Education
5712.97,478974,5178,1582,0.44,0.58,0.91,Europe,YouTube,Technology
7073.0,856936,5548,2058,0.43,0.42,0.79,South America,Facebook,Technology
6693.63,725080,1279,2968,0.14,0.09,0.49,North America,YouTube,Education
2630.56,637267,9174,1582,0.41,1.54,0.95,Europe,Google Ads,Retail
7265.7,44701,6506,150,0.94,0.47,0.06,Europe,LinkedIn,Finance
2753.87,93300,8691,1777,0.44,2.46,0.93,Australia,Google Ads,Finance
3591.3,775537,7007,657,0.85,0.48,0.05,South America,Google Ads,Technology
7591.67,683034,8900,2245,0.86,0.68,0.55,Australia,Facebook,Technology
6671.51,93560,1738,210,0.44,1.31,0.89,North America,Google Ads,Education
8567.62,252615,5771,266,0.67,1.91,0.26,Australia,LinkedIn,Healthcare
6747.32,951378,7028,556,0.19,0.91,0.47,South America,YouTube,Retail
5898.93,53642,1482,2251,0.19,0.77,0.32,Asia,LinkedIn,Healthcare
1389.91,527083,1503,2760,0.14,2.49,0.95,Asia,Facebook,Healthcare
3993.3,501036,9111,811,0.62,-0.47,0.82,North America,LinkedIn,Technology
3019.42,337304,3392,951,0.48,2.19,0.71,Asia,Instagram,Technology
2817.9,814034,9111,423,0.59,-0.05,0.59,Australia,YouTube,Technology
9743.6,375464,519,2024,0.57,1.86,0.82,North America,Instagram,Healthcare
4234.43,623089,4617,1391,0.42,1.35,0.39,South America,Instagram,Retail
8974.44,298075,3402,1108,0.71,0.53,0.45,North America,Facebook,Technology
6495.82,104377,7957,919,0.78,2.12,0.73,North America,Google Ads,Finance
8050.71,825624,9800,197,0.11,-0.46,0.36,Europe,Instagram,Retail
5275.05,842974,7970,2025,0.29,0.18,0.06,Europe,LinkedIn,Finance
5980.59,923447,5793,1323,0.74,1.2,0.07,North America,Google Ads,Retail
5178.92,838952,867,2102,0.45,0.55,0.12,Asia,LinkedIn,Technology
2354.81,336916,2144,2140,0.7,1.33,0.87,Europe,LinkedIn,Education
7363.3,461978,1649,1156,0.41,-0.43,0.47,South America,Google Ads,Technology
3167.34,322250,6240,367,0.45,-0.15,0.71,Australia,Google Ads,Healthcare
731.0,615409,3816,1561,0.24,-0.12,0.39,Europe,LinkedIn,Healthcare
6631.99,35559,4581,1099,0.33,0.07,0.26,North America,Facebook,Retail
2182.55,902027,7998,2993,0.64,0.88,0.35,Asia,YouTube,Healthcare
9434.36,568030,6648,1690,0.49,1.76,0.79,Australia,YouTube,Technology
9562.32,866101,2393,2432,0.8,2.22,0.63,Europe,Facebook,Finance
9191.21,687114,4937,171,0.87,2.01,0.94,Asia,Google Ads,Technology
4016.51,145044,7858,2379,0.59,0.09,0.68,Asia,LinkedIn,Retail
646.84,867263,6893,459,0.78,0.82,0.57,Asia,YouTube,Healthcare
9319.03,122217,7738,1507,0.38,0.1,0.61,North America,LinkedIn,Finance
4567.75,576161,8093,1046,0.47,0.29,0.94,South America,Facebook,Education
9683.22,902964,6107,2241,0.74,1.01,0.79,Asia,LinkedIn,Finance
9654.39,922699,5642,2168,0.45,-0.3,0.02,Australia,Facebook,Finance
8603.59,413119,9192,1960,0.63,0.15,0.53,Europe,Google Ads,Technology
3297.26,668380,6456,2565,0.27,2.31,0.69,Australia,Facebook,Education
4158.43,838187,8533,1323,0.64,0.9,0.75,North America,Facebook,Retail
8585.8,882388,7480,2352,0.88,0.84,0.21,North America,YouTube,Retail
3510.76,96988,2485,2961,0.88,-0.46,0.87,Australia,LinkedIn,Finance
2110.18,579936,4368,1248,0.75,0.24,0.96,South America,YouTube,Finance
5789.61,135991,771,983,0.77,2.1,0.24,North America,Instagram,Healthcare
9393.47,412732,263,641,0.6,-0.01,0.88,North America,Facebook,Education
7112.28,516079,8756,1600,0.63,0.75,0.1,Australia,Instagram,Finance
5915.58,911437,4692,1060,0.22,-0.46,0.06,North America,YouTube,Healthcare
1423.18,536684,4895,2790,0.5,0.94,0.13,South America,LinkedIn,Education
6342.57,94082,4898,1598,0.51,-0.44,0.06,South America,YouTube,Retail
9905.51,946633,6136,2378,0.96,1.96,0.85,South America,LinkedIn,Healthcare
1830.8,138322,2455,2970,0.49,1.97,0.06,Europe,LinkedIn,Education
5424.13,666951,5987,1703,0.59,1.86,0.27,South America,Google Ads,Healthcare
8835.04,21303,8061,446,0.58,0.35,0.1,South America,Facebook,Finance
7537.3,171633,5927,2838,0.67,2.01,0.3,Europe,YouTube,Technology
7121.65,343863,8837,1566,0.77,1.13,0.09,Asia,LinkedIn,Retail
7173.6,259690,4819,1086,0.3,0.62,0.67,North America,YouTube,Finance
3915.17,794108,693,1314,0.58,1.38,0.13,South America,YouTube,Finance
3289.12,109616,4939,2783,0.84,-0.46,0.85,North America,LinkedIn,Education
8188.93,920597,7494,2088,0.52,-0.07,0.82,Australia,Instagram,Healthcare
8196.08,96231,9751,2394,0.35,1.73,0.01,North America,Facebook,Retail
8737.19,279458,3593,192,0.69,0.23,0.9,Europe,Facebook,Finance
9175.79,29623,6264,2601,0.84,1.29,0.03,North America,Google Ads,Education
5357.75,733035,2772,1479,0.16,0.66,0.24,North America,Google Ads,Retail
5264.4,500042,4300,1489,0.8,2.06,0.03,North America,Google Ads,Healthcare
8083.8,468298,116,1599,0.84,2.36,0.34,Asia,Facebook,Finance
6674.66,486840,3291,1597,0.52,2.15,0.51,Asia,Instagram,Finance
7168.69,115228,492,669,0.98,0.31,0.8,Australia,Facebook,Finance
8060.03,436346,8716,169,0.81,0.08,0.34,Europe,Facebook,Retail
8955.05,717116,6372,2469,0.8,0.92,0.71,North America,Facebook,Retail
3710.95,894056,671,1021,0.77,-0.48,0.19,North America,Facebook,Retail
4068.04,691652,3731,62,0.24,-0.42,0.75,North America,Instagram,Retail
1392.83,908217,6272,2465,0.3,1.16,0.24,North America,Google Ads,Education
5993.66,530547,9412,2904,0.52,1.06,0.14,Asia,YouTube,Technology
841.45,882638,7277,1055,0.34,2.48,0.19,Australia,Google Ads,Education
4923.18,79274,8533,1063,0.47,0.11,0.18,South America,Google Ads,Finance
5655.12,143541,3997,2760,0.9,0.27,0.51,Europe,YouTube,Education
3222.14,63947,8223,2317,0.84,-0.16,0.84,North America,Facebook,Healthcare
6112.92,687894,2379,1238,0.67,2.25,0.08,Australia,Instagram,Retail
789.75,204692,9080,1504,0.87,1.83,0.71,South America,Instagram,Healthcare
854.81,58874,7551,2833,0.81,1.97,0.65,Australia,Google Ads,Healthcare
8314.71,583996,9006,1499,0.49,2.21,0.87,Asia,YouTube,Finance
3921.81,84553,875,1045,0.28,1.07,0.24,South America,LinkedIn,Retail
1707.07,602632,6969,1960,0.56,0.85,0.45,Australia,Facebook,Healthcare
5461.31,845570,2347,859,0.76,0.49,0.93,Asia,Google Ads,Finance
7814.94,719662,7188,363,0.49,1.27,0.66,Australia,Instagram,Retail
2550.3,581926,178,1108,0.7,0.86,0.39,Australia,YouTube,Technology
6417.46,88249,8180,2930,0.18,0.85,0.13,South America,YouTube,Finance
1310.8,902297,7199,1749,0.77,2.31,0.26,Asia,Google Ads,Education
990.98,537007,4026,1474,0.83,2.45,0.58,North America,LinkedIn,Retail
5547.87,688250,9147,1000,0.74,1.89,0.72,Europe,Instagram,Healthcare
5636.03,480452,7440,1274,0.97,1.77,0.12,South America,Google Ads,Healthcare
6555.58,439725,7183,1894,0.84,1.54,0.6,Asia,LinkedIn,Education
7397.87,52534,6330,1819,0.91,-0.0,0.55,Australia,YouTube,Education
9770.59,505518,9323,2351,0.94,-0.32,0.51,Asia,Facebook,Healthcare
5404.85,626529,5040,2266,0.82,1.57,0.69,Europe,Instagram,Retail
3568.09,422003,3371,1121,0.71,1.69,0.84,Europe,Instagram,Finance
8054.27,136209,3556,827,0.11,-0.36,0.32,North America,LinkedIn,Education
3072.91,452061,7888,1809,0.52,2.28,0.89,North America,Google Ads,Education
4670.23,199004,8699,1970,0.61,-0.23,0.16,Europe,YouTube,Education
1245.34,626412,7750,2447,0.37,0.36,0.17,South America,LinkedIn,Technology
740.83,625947,2811,2382,0.39,1.52,0.27,South America,Facebook,Retail
9645.16,174134,1768,2997,0.97,0.01,0.12,Australia,Facebook,Retail
8441.81,85713,247,898,0.9,-0.33,0.23,North America,Facebook,Retail
7111.75,752623,6520,1865,0.86,0.49,0.11,Australia,LinkedIn,Retail
4385.05,498972,465,1190,0.47,1.8,0.82,North America,YouTube,Retail
2146.3,987965,9966,677,0.11,0.74,0.14,Europe,Instagram,Healthcare
1986.15,85418,4631,642,0.17,1.46,0.75,South America,Google Ads,Education
2877.31,994176,5430,2634,0.38,1.24,0.05,South America,Instagram,Healthcare
5717.65,138232,5610,1652,0.11,-0.43,0.95,Europe,YouTube,Technology
7288.66,962336,8854,146,0.12,2.47,0.71,Australia,Instagram,Finance
6771.88,530551,9064,1956,0.92,-0.38,0.01,Australia,LinkedIn,Education
3159.37,173038,6593,1707,0.74,2.4,0.76,Asia,Facebook,Technology
9571.22,940491,5539,437,0.38,1.15,0.51,North America,YouTube,Healthcare
7510.02,178383,9865,1485,0.22,2.39,0.78,Australia,YouTube,Finance
5766.36,828007,6611,2669,0.56,-0.16,0.52,Europe,Instagram,Technology
6311.35,335996,7604,2968,0.1,0.97,0.64,Australia,LinkedIn,Finance
4486.2,268722,1346,828,0.94,0.01,0.79,South America,Instagram,Technology
2853.44,142079,3939,2198,0.47,-0.35,0.41,North America,Instagram,Healthcare
3881.74,212053,8651,1116,0.46,1.35,0.0,Asia,YouTube,Finance
7699.54,610530,2476,2234,0.45,0.12,0.85,North America,Instagram,Technology
636.74,188589,3109,207,0.16,1.26,0.38,South America,Facebook,Healthcare
1602.69,513238,9254,2681,0.67,-0.16,0.5,South America,Instagram,Education
937.03,39257,1927,2005,0.76,0.5,0.01,South America,Facebook,Healthcare
886.92,490488,7079,2748,0.71,1.84,0.49,South America,YouTube,Healthcare
8626.88,445423,9905,2458,0.22,0.81,0.99,Europe,LinkedIn,Education
7184.75,154353,9932,480,0.62,1.38,0.28,Asia,Facebook,Healthcare
5004.65,333390,8669,2275,0.61,1.44,0.4,South America,LinkedIn,Education
1429.42,273579,4385,1958,0.88,2.03,0.69,South America,LinkedIn,Education
5170.35,239947,7010,938,0.44,0.47,0.81,Australia,Facebook,Education
4997.98,241758,8661,2020,0.43,1.56,0.42,Asia,YouTube,Technology
2145.42,625645,2296,2689,0.66,2.38,0.31,North America,Google Ads,Finance
4621.59,167732,3847,915,0.67,1.69,0.94,Asia,LinkedIn,Technology
4285.79,932588,8943,2232,0.52,0.97,0.68,Asia,LinkedIn,Education
6350.58,941011,6078,32,0.5,1.39,0.12,Asia,YouTube,Finance
6533.39,737955,5707,244,0.54,1.72,0.07,South America,YouTube,Finance
930.39,618095,869,1134,0.87,1.34,0.48,South America,Instagram,Education
4058.82,448755,880,938,0.52,-0.45,0.22,Europe,YouTube,Finance
6445.67,912385,6403,532,0.95,0.08,0.25,North America,LinkedIn,Finance
5279.79,148563,4083,1818,0.55,1.93,0.88,Australia,Facebook,Technology
8636.65,793066,9603,440,0.95,0.32,0.09,Asia,Google Ads,Finance
6757.59,516047,8814,802,0.85,1.69,0.72,North America,Instagram,Education
2047.88,715552,621,1639,0.43,0.62,0.27,North America,Facebook,Retail
1170.4,920229,9227,1746,0.88,1.07,0.76,Europe,Google Ads,Retail
6602.98,336032,7669,542,0.2,-0.3,0.72,Australia,Google Ads,Retail
751.86,607897,5884,1756,0.93,0.04,0.01,Asia,Google Ads,Education
6064.87,805509,4683,1685,0.67,2.37,0.51,Australia,Facebook,Retail
9432.19,782800,6046,1326,0.15,2.17,0.14,Europe,Instagram,Technology
5967.0,263973,5041,2867,0.68,1.46,0.87,South America,Instagram,Education
4187.61,293097,6367,922,0.98,0.88,0.87,North America,Google Ads,Education
6611.24,386826,7228,1134,0.16,1.53,0.42,Asia,Facebook,Education
4853.4,524257,2561,1535,0.6,1.36,0.44,South America,Google Ads,Finance
5683.36,864321,785,1337,0.77,1.21,0.3,Europe,YouTube,Finance
9443.92,689181,2260,2928,0.83,-0.32,0.72,Australia,Instagram,Finance
4167.98,440783,7131,2597,0.47,1.4,0.36,North America,LinkedIn,Healthcare
9631.31,125374,9859,1033,0.28,1.81,0.27,Asia,Google Ads,Technology
9100.83,559148,5441,1586,0.14,2.48,0.43,South America,YouTube,Education
2360.02,686555,138,1388,0.62,-0.47,0.09,South America,Instagram,Education
1158.93,611763,4975,1529,0.51,1.69,0.75,North America,Facebook,Finance
1457.39,494090,1356,1691,0.95,1.22,0.01,Australia,Instagram,Education
673.11,883698,7797,2007,0.15,0.8,0.64,Europe,Facebook,Education
1397.21,686787,2296,236,0.72,-0.12,0.18,Australia,Facebook,Retail
6988.56,897164,7265,1269,0.12,0.73,0.23,Australia,Google Ads,Education
1176.29,299227,401,882,0.25,0.56,0.64,Australia,Google Ads,Healthcare
3530.27,752406,7627,901,0.51,0.41,0.99,North America,Instagram,Finance
8526.32,853804,6481,1488,0.51,1.69,0.78,North America,YouTube,Technology
721.08,658074,746,1046,0.72,1.6,0.23,Europe,Instagram,Technology
8237.45,971568,8889,2267,0.92,1.27,0.18,Australia,LinkedIn,Retail
3177.62,542101,8953,2798,0.68,2.32,0.87,North America,Facebook,Technology
1622.57,41598,4430,406,0.96,0.55,0.44,Europe,Facebook,Technology
7119.0,515934,9660,1133,0.89,0.23,0.14,Europe,Google Ads,Finance
6474.96,792239,7103,2088,0.63,1.47,0.86,Australia,YouTube,Finance
8835.98,627394,3637,2955,0.85,0.1,0.82,Asia,Google Ads,Healthcare
7483.17,299226,4658,658,0.68,0.45,0.98,Australia,LinkedIn,Retail
8133.07,825673,6679,338,0.17,0.17,0.91,Asia,Instagram,Technology
3179.33,237286,8574,1492,0.77,-0.29,0.85,Europe,Instagram,Healthcare
2185.68,447785,9778,961,0.19,1.98,0.05,North America,YouTube,Retail
7630.84,21745,4182,2015,0.63,0.26,0.1,South America,Google Ads,Technology
8164.93,822461,4283,2026,0.73,0.92,0.57,Europe,Google Ads,Technology
9909.8,154097,8752,2678,0.16,-0.37,0.53,North America,LinkedIn,Finance
4419.87,242732,3854,1888,0.31,1.6,0.46,Europe,Instagram,Education
4034.17,919827,1824,1206,0.92,0.49,0.4,Australia,Google Ads,Retail
7875.92,679648,1476,1782,0.65,1.73,0.43,Asia,YouTube,Technology
3737.63,623474,8806,171,0.32,0.74,0.57,Europe,Instagram,Retail
9342.19,934044,8994,1761,0.72,0.09,0.0,North America,LinkedIn,Healthcare
8654.92,894200,1753,785,0.64,1.04,0.26,Australia,YouTube,Healthcare
4575.44,223030,2166,1837,0.55,-0.11,0.52,South America,Facebook,Education
7633.28,734238,122,2331,0.98,0.82,0.72,Australia,LinkedIn,Technology
7668.16,576134,2560,1061,0.72,0.45,0.17,Asia,YouTube,Finance
1479.68,348076,6026,2383,0.44,2.24,0.55,Australia,Google Ads,Technology
9074.25,158554,6351,949,0.82,-0.32,0.71,South America,Facebook,Retail
5299.9,295555,9596,549,0.9,1.58,0.44,North America,LinkedIn,Healthcare
8351.35,454191,7395,2545,0.21,0.05,0.03,Europe,Google Ads,Retail
3540.47,463761,3400,831,0.28,0.46,0.45,Asia,Facebook,Education
9007.47,515518,6379,1471,0.29,0.75,0.3,South America,Instagram,Healthcare
4197.42,350941,8653,1098,0.72,2.22,0.93,Asia,Google Ads,Finance
602.96,324451,7453,365,0.64,0.23,0.12,Australia,YouTube,Healthcare
9101.13,930597,3827,244,0.66,-0.23,0.65,Asia,LinkedIn,Technology
1367.22,294186,6372,2284,0.95,0.46,0.05,South America,Facebook,Technology
3533.48,587218,6095,1558,0.8,-0.19,0.45,Europe,Google Ads,Healthcare
9525.59,782944,9576,2106,0.22,-0.11,0.55,Europe,Instagram,Education
9530.77,447629,614,127,0.41,1.22,0.3,Asia,LinkedIn,Technology
5947.66,778747,548,2111,0.49,-0.32,0.46,North America,LinkedIn,Technology
6502.45,234695,6119,1683,0.46,-0.41,0.16,Asia,Google Ads,Finance
4760.23,894315,5443,2622,0.7,1.64,0.3,Australia,Instagram,Healthcare
3285.5,305900,8133,1077,0.9,0.58,0.62,Europe,Facebook,Technology
3622.31,63268,2620,2110,0.38,-0.12,0.3,Europe,Google Ads,Education
6888.93,442430,3181,567,0.6,0.26,0.9,Europe,Facebook,Retail
7647.56,222943,1528,1825,0.81,1.43,0.63,North America,LinkedIn,Healthcare
8020.0,793204,4067,2015,0.47,0.33,0.44,North America,Facebook,Finance
8001.37,431818,6545,2925,0.25,0.98,0.04,South America,Instagram,Technology
1366.46,718691,9214,407,0.53,-0.13,0.5,Asia,YouTube,Education
5196.99,583189,2259,684,0.15,1.26,0.76,Asia,Instagram,Healthcare
1046.81,372130,5232,396,0.95,0.45,0.27,Australia,Facebook,Education
5720.52,204488,2647,2168,0.17,1.38,0.81,Europe,Google Ads,Education
4694.54,697556,3079,2671,0.49,1.93,0.25,North America,LinkedIn,Finance
8933.19,400530,2749,2074,0.58,1.33,0.82,Australia,YouTube,Healthcare
3833.69,802058,8605,893,0.99,0.39,0.09,Australia,Google Ads,Technology
1612.14,672784,3183,550,0.25,0.27,0.87,North America,Google Ads,Finance
1858.42,809289,1137,180,0.2,0.48,0.5,Asia,Instagram,Technology
7734.35,251531,3589,2466,0.11,-0.01,0.3,Europe,Facebook,Retail
6373.07,256693,7704,749,0.24,0.04,0.27,Asia,Instagram,Education
1460.67,947486,7644,1411,0.29,1.87,0.43,Australia,Facebook,Retail
1299.01,929484,2734,2915,0.67,0.65,1.0,Europe,Instagram,Education
7159.21,713650,4083,2287,0.3,0.81,0.22,South America,Google Ads,Finance
1191.25,560719,1878,128,0.12,1.28,0.1,Australia,LinkedIn,Technology
8307.67,881408,8002,2841,0.84,1.27,0.59,Asia,Facebook,Technology
7209.3,248360,5210,2522,0.43,-0.3,0.49,Asia,YouTube,Finance
1272.81,354855,5289,2161,0.42,1.99,0.52,Asia,YouTube,Healthcare
1305.96,517403,7478,2755,0.37,0.03,0.67,North America,Google Ads,Retail
9873.08,36385,1224,2005,0.98,1.67,0.27,Australia,Instagram,Retail
4055.57,441374,797,1715,0.25,1.82,0.91,Europe,Instagram,Technology
4021.1,426235,2279,1732,0.91,1.64,0.44,Asia,Google Ads,Technology
8221.6,290783,9696,2232,0.8,1.24,0.13,Asia,YouTube,Technology
9498.86,95530,5351,2802,0.17,-0.46,0.74,North America,YouTube,Finance
9867.01,765271,9335,1707,0.99,0.58,0.64,Europe,Instagram,Healthcare
7657.09,293707,2029,1454,0.34,1.31,0.32,Australia,Facebook,Retail
4074.47,966845,1113,1769,0.19,0.66,0.62,South America,LinkedIn,Education
1293.26,387816,326,1534,0.85,2.09,0.22,North America,Facebook,Finance
7882.9,933280,7421,674,0.74,0.43,0.44,Australia,YouTube,Retail
5804.84,439660,1928,42,0.66,0.38,0.9,South America,Facebook,Healthcare
4530.11,996420,8009,2112,0.24,0.3,0.13,Asia,LinkedIn,Finance
9110.37,411927,5688,2576,0.53,0.5,0.39,Asia,Facebook,Retail
1556.38,739678,2123,2813,0.8,1.17,0.82,Europe,Facebook,Finance
5179.94,355114,5066,2069,0.37,1.62,0.97,South America,Facebook,Retail
607.86,253373,5991,1561,0.38,1.49,0.45,Asia,Facebook,Retail
4952.28,357697,1180,729,0.1,1.92,0.51,Asia,Google Ads,Healthcare
1034.88,171779,5136,2612,0.26,2.16,0.57,Europe,YouTube,Education
1628.77,180182,2663,2430,0.89,1.95,0.93,Australia,LinkedIn,Healthcare
1616.5,727148,3392,493,0.5,-0.44,0.86,Asia,YouTube,Retail
6667.5,617167,3686,982,0.99,1.71,0.17,North America,Google Ads,Finance
7587.43,966331,4531,2680,0.46,0.13,0.44,North America,Google Ads,Healthcare
6042.0,248260,6941,316,0.74,-0.1,0.46,Australia,Google Ads,Education
9640.64,933159,6743,466,0.35,1.42,0.79,South America,Google Ads,Retail
4061.27,841291,4059,2217,0.43,0.46,0.6,Europe,Facebook,Healthcare
3214.26,981129,261,340,0.27,-0.33,0.65,North America,YouTube,Healthcare
8751.69,848530,693,2833,0.41,-0.09,1.0,North America,Instagram,Healthcare
2624.16,680611,3490,234,0.59,-0.5,0.07,Australia,LinkedIn,Healthcare
9650.61,656701,6097,2786,0.99,2.21,0.22,South America,Google Ads,Finance
615.47,796958,6454,1489,0.7,-0.43,0.41,South America,YouTube,Education
9713.85,340904,763,1092,0.28,0.13,0.35,Australia,Google Ads,Education
910.02,57837,9424,653,0.14,0.75,0.02,North America,Google Ads,Retail
8965.86,528349,641,625,0.21,0.57,0.09,Europe,Google Ads,Technology
5513.16,794838,5533,204,0.61,2.24,0.68,North America,Google Ads,Finance
9933.17,807968,5193,498,0.79,-0.38,0.88,South America,Google Ads,Retail
1201.07,562829,967,2214,0.95,1.04,0.51,North America,LinkedIn,Retail
5761.62,89083,8723,2667,0.11,1.54,0.54,Europe,YouTube,Healthcare
9708.37,978531,5569,1259,0.57,2.3,0.26,Asia,Google Ads,Technology
5469.43,568819,6356,2469,0.52,1.36,0.77,North America,Google Ads,Technology
6479.29,280856,9498,1112,0.69,1.91,0.75,Australia,Google Ads,Finance
7109.61,376245,1269,1157,0.6,-0.25,0.59,Asia,Google Ads,Technology
4818.14,861887,930,2528,0.72,0.66,0.21,Australia,Facebook,Retail
6461.8,609032,1751,1251,0.69,0.62,0.1,Australia,Facebook,Technology
6050.99,787147,1236,525,0.21,2.16,0.06,Australia,Instagram,Technology
9061.0,664037,2910,1635,0.82,-0.05,0.59,North America,Google Ads,Education
931.74,801541,8767,1137,0.21,-0.04,0.83,South America,Instagram,Retail
3169.15,845700,9618,402,0.73,0.49,0.86,Asia,LinkedIn,Technology
9528.91,766097,1119,640,0.47,-0.34,0.46,Europe,Instagram,Technology
8957.51,851047,5337,1857,0.56,0.05,0.78,South America,YouTube,Healthcare
4828.74,616791,1383,2665,0.91,2.4,0.95,North America,Facebook,Technology
6391.26,264346,759,989,0.9,0.78,0.28,Australia,Facebook,Technology
3135.12,957263,2110,443,0.84,1.4,0.4,Europe,Google Ads,Education
2287.15,619996,8690,2597,0.56,1.68,0.93,Asia,Google Ads,Retail
4905.13,725472,1833,287,0.76,0.6,0.34,South America,LinkedIn,Finance
3856.85,636759,2225,242,0.56,-0.06,0.91,South America,LinkedIn,Retail
6044.73,788513,2271,1562,0.88,0.12,0.98,Europe,YouTube,Healthcare
1238.48,167661,8366,1604,0.46,0.44,0.66,North America,Google Ads,Retail
9756.75,695375,3571,1123,0.97,1.41,0.82,Asia,Google Ads,Technology
9869.0,170081,9128,2419,0.94,0.69,0.75,Europe,LinkedIn,Healthcare
7132.54,879741,5724,35,0.77,-0.48,0.7,Australia,LinkedIn,Retail
5592.92,398590,8791,1427,0.35,1.07,0.31,Asia,LinkedIn,Healthcare
3440.51,727406,8429,2564,0.22,2.26,0.06,South America,Facebook,Finance
8231.05,903093,2197,2324,0.87,1.94,0.34,Europe,Instagram,Retail
7004.95,691503,5168,470,0.25,1.98,0.67,South America,Instagram,Technology
2044.86,16154,6497,2513,0.87,1.89,0.1,South America,Google Ads,Healthcare
9153.81,687164,2857,1101,0.54,0.47,0.01,South America,Facebook,Education
8314.1,969192,4020,1016,0.47,1.8,0.14,North America,LinkedIn,Healthcare
9523.1,74288,8286,2920,0.91,-0.07,0.72,South America,Google Ads,Education
7394.34,61195,2000,2004,0.64,1.47,0.97,Australia,Facebook,Technology
6327.44,292725,2710,500,0.62,1.42,0.98,Australia,YouTube,Finance
4473.31,455864,7000,1082,0.6,-0.42,0.49,Asia,Facebook,Education
9360.92,302231,1549,2621,0.43,1.86,0.87,South America,Google Ads,Finance
8727.61,715290,8838,225,0.81,2.21,0.74,South America,Instagram,Healthcare
929.58,174053,5117,1733,0.33,0.3,0.5,Europe,LinkedIn,Technology
750.49,603586,8099,1602,0.95,1.94,0.57,North America,YouTube,Education
4076.4,842599,6152,2616,0.9,-0.25,0.14,Asia,Facebook,Healthcare
8200.26,740664,2196,168,0.4,1.3,0.94,South America,Google Ads,Retail
9879.12,446624,8995,2546,0.76,0.96,0.35,Europe,Google Ads,Healthcare
1928.96,49499,6504,695,0.62,1.14,0.45,North America,LinkedIn,Finance
6144.24,397960,9917,2851,0.4,2.28,0.67,Asia,Google Ads,Technology
4118.46,455485,3431,1786,0.99,2.11,0.33,Asia,Google Ads,Technology
9714.19,703919,7562,2062,0.12,1.86,0.25,South America,LinkedIn,Healthcare
8500.13,255198,5205,1853,0.33,0.32,0.63,Asia,YouTube,Retail
8464.12,477535,3078,2418,0.57,2.24,0.02,Europe,Instagram,Finance
4952.59,777285,2939,2516,0.57,-0.21,0.72,Asia,Instagram,Healthcare
4440.79,630635,3484,2305,0.63,2.06,0.51,Australia,Facebook,Healthcare
3097.37,320931,785,1599,0.78,0.48,0.61,Europe,YouTube,Technology
1035.57,307632,7631,1706,0.66,-0.34,0.63,North America,Facebook,Finance
8714.86,346585,4383,2479,0.64,1.51,0.53,North America,Instagram,Retail
8222.56,740023,7836,1956,0.15,0.19,0.58,South America,LinkedIn,Technology
9997.32,32431,7810,2072,0.44,0.23,0.68,South America,Google Ads,Healthcare
9968.05,333825,1719,2793,0.31,0.42,0.75,Australia,Instagram,Technology
5776.6,204555,6968,1155,0.34,-0.31,0.73,North America,YouTube,Technology
7805.38,657008,1531,2334,0.6,0.03,0.87,North America,Instagram,Education
9475.27,583441,9167,1591,0.28,-0.48,0.19,North America,YouTube,Technology
8571.65,278512,4813,2510,0.36,0.84,0.4,North America,YouTube,Technology
2849.81,954928,9657,2655,0.31,-0.25,0.95,Asia,YouTube,Finance
4780.17,908792,9535,2503,0.95,1.55,0.4,Europe,Facebook,Technology
1727.01,186076,5098,2267,0.95,0.21,0.12,Europe,LinkedIn,Retail
9563.48,229724,262,2771,0.65,2.33,0.53,Australia,Instagram,Healthcare
6258.66,909187,2074,2359,0.93,2.11,0.11,Asia,LinkedIn,Finance
2672.11,591273,3391,1942,0.81,0.37,0.2,North America,Google Ads,Technology
6881.16,846501,8561,1767,0.63,1.85,1.0,North America,Instagram,Retail
6372.22,324470,731,2060,0.11,1.91,0.54,South America,LinkedIn,Healthcare
3902.55,643025,1005,999,0.8,2.46,0.28,South America,LinkedIn,Finance
1578.8,746421,2114,1551,0.73,1.29,0.99,Australia,Google Ads,Retail
6879.95,688758,9933,1126,0.65,-0.25,0.97,North America,YouTube,Technology
5442.92,763753,7996,2577,0.78,1.44,0.44,Australia,Instagram,Education
7837.02,60861,304,502,0.56,1.37,0.26,Asia,Instagram,Education
5441.55,348041,681,629,0.73,1.42,0.84,Europe,Google Ads,Finance
8595.72,222977,5775,2388,0.94,0.42,0.72,North America,YouTube,Retail
5743.11,661406,9132,2390,0.44,2.08,0.69,Asia,Instagram,Healthcare
5828.91,865009,5447,2107,0.74,2.38,0.89,North America,Instagram,Retail
8828.21,731001,2743,1556,0.53,0.15,0.69,South America,Instagram,Education
4333.09,19078,8117,872,0.71,-0.24,0.28,Australia,YouTube,Finance
1773.14,952507,2397,1701,0.79,0.08,0.69,South America,Google Ads,Technology
773.44,334912,974,1615,0.14,1.96,0.31,Europe,Instagram,Retail
7673.8,585335,5660,2329,0.68,1.53,0.76,South America,LinkedIn,Education
6392.94,868058,789,589,0.3,1.41,0.62,North America,YouTube,Healthcare
7188.76,854092,4100,1900,0.7,0.71,0.08,South America,Facebook,Finance
2523.16,769746,9714,1285,0.52,1.23,0.51,North America,Google Ads,Technology
1795.53,977290,771,2617,0.8,0.42,0.34,Europe,LinkedIn,Retail
638.17,405141,8027,2753,0.21,0.93,0.33,South America,Instagram,Healthcare
3830.58,225048,1271,1865,0.66,1.88,0.6,Australia,Facebook,Technology
6104.22,770581,5691,2503,0.35,2.44,0.32,Australia,Google Ads,Education
4226.32,652120,9235,1365,0.87,2.3,0.78,Australia,YouTube,Education
4656.01,926838,6442,1172,0.94,2.3,0.07,South America,Facebook,Healthcare
9089.51,659438,1549,366,1.0,0.71,0.66,South America,Facebook,Education
3808.43,167087,2639,1634,0.82,0.91,0.81,South America,LinkedIn,Finance
5382.9,43320,4059,2331,0.78,1.62,0.67,North America,Google Ads,Healthcare
7944.7,337025,6385,2016,0.29,2.27,0.5,Europe,LinkedIn,Education
4267.16,625115,5532,2368,0.4,-0.07,0.95,Australia,LinkedIn,Retail
6409.82,523287,4360,879,0.52,0.41,0.3,North America,Instagram,Education
8692.46,374359,2461,895,0.8,-0.08,0.02,Australia,YouTube,Finance
9520.45,953793,6264,2011,0.92,1.34,0.43,North America,Facebook,Technology
1897.2,269931,3770,2211,0.27,0.42,0.03,South America,Google Ads,Technology
9302.58,930893,1853,1423,0.93,0.48,0.95,Australia,YouTube,Education
5175.1,953187,8200,1293,0.73,-0.29,0.21,South America,YouTube,Technology
2953.32,416845,2038,629,0.65,0.55,0.79,Australia,Google Ads,Education
4861.79,857982,8662,892,0.28,2.09,0.77,Asia,YouTube,Finance
9810.31,559114,6076,806,0.15,0.2,0.22,North America,Instagram,Technology
5179.87,110734,6688,2182,0.61,1.59,0.62,Asia,YouTube,Retail
3623.14,167702,8716,1306,0.69,1.39,0.05,North America,Instagram,Education
6517.31,764122,6404,628,0.29,2.09,0.48,Europe,Facebook,Technology
2781.38,187235,7445,1844,0.6,-0.1,0.01,Australia,Facebook,Finance
1220.7,108511,7975,254,0.87,2.43,0.92,Europe,LinkedIn,Finance
1724.36,993939,9186,2905,0.85,1.25,0.98,Europe,Instagram,Retail
1716.44,283797,6733,2507,0.93,2.49,0.22,North America,Facebook,Finance
1943.08,693321,697,939,0.43,2.23,0.21,Asia,YouTube,Finance
1818.86,616229,3162,1280,0.39,0.16,0.75,South America,Google Ads,Technology
6588.31,739497,2436,529,0.77,-0.33,0.25,North America,Google Ads,Education
2227.86,830094,9979,2419,0.49,0.27,0.9,South America,Instagram,Healthcare
3783.84,108818,672,17,0.18,1.08,0.57,Europe,LinkedIn,Finance
9019.49,983950,7621,2535,0.35,0.01,0.35,South America,YouTube,Finance
5002.64,162360,6271,2029,0.48,0.0,0.83,Asia,Instagram,Healthcare
6841.8,787915,7197,504,0.36,0.89,0.49,North America,Google Ads,Finance
2137.04,629369,2190,1639,0.4,-0.4,0.91,Asia,Instagram,Technology
2326.75,571165,6666,2890,0.36,-0.13,0.93,Asia,YouTube,Technology
888.25,383706,4724,1072,0.14,0.75,0.17,North America,Facebook,Healthcare
2104.88,942817,1733,2650,0.67,-0.31,0.0,Asia,YouTube,Finance
3146.61,221957,1617,196,0.64,0.69,0.98,Australia,Facebook,Finance
2181.6,82715,3748,2811,0.69,0.92,0.91,Australia,Facebook,Education
1342.67,151398,1637,1887,0.27,0.85,0.06,Australia,Facebook,Finance
1646.04,644379,3237,2150,0.37,2.11,0.83,South America,Instagram,Technology
4877.4,529052,7085,95,0.66,1.09,0.46,Asia,Google Ads,Retail
2460.17,142632,197,146,0.64,0.9,0.26,North America,Instagram,Retail
3960.56,875580,3850,2478,0.56,0.73,0.88,North America,Google Ads,Retail
5282.46,93186,8635,2131,0.42,1.95,0.2,South America,YouTube,Retail
7058.75,954249,8274,1646,0.92,2.19,0.95,North America,LinkedIn,Finance
873.47,697250,8203,2228,0.41,2.06,0.21,Australia,YouTube,Finance
8094.4,161094,5513,1761,0.51,1.52,0.61,Asia,Instagram,Education
6465.05,920061,4766,2227,0.71,-0.09,0.22,North America,Instagram,Finance
1276.71,980083,710,1797,0.59,0.33,0.55,North America,Google Ads,Retail
8799.0,604604,1827,881,0.41,-0.36,0.68,Europe,Instagram,Healthcare
9248.29,38380,1954,2379,0.49,2.29,0.19,Europe,Facebook,Healthcare
1080.24,644486,5155,2513,0.82,1.48,0.52,Europe,Instagram,Technology
3130.34,274500,2424,953,0.35,1.74,0.47,Asia,Google Ads,Technology
8158.91,80326,9469,1636,0.23,0.43,0.07,Australia,Google Ads,Finance
7608.47,888879,9383,2847,0.38,2.04,0.82,Australia,Facebook,Healthcare
2252.95,649282,5874,2670,0.86,0.28,0.34,Australia,Google Ads,Retail
2488.82,230971,6619,2946,0.18,-0.5,0.57,Asia,LinkedIn,Retail
4019.48,816481,1849,358,0.99,0.63,0.51,Asia,YouTube,Retail
5102.97,478933,881,1686,0.59,1.21,0.51,Europe,Instagram,Finance
6373.42,901793,7648,1206,0.99,0.94,0.11,North America,LinkedIn,Finance
4004.68,812514,6923,19,0.95,2.09,0.42,South America,Instagram,Education
4894.08,797093,2205,2797,0.51,-0.18,0.45,South America,LinkedIn,Retail
7600.97,178484,3967,1471,0.28,1.16,0.73,North America,Instagram,Retail
848.49,799352,7293,676,0.25,1.04,0.84,Europe,Facebook,Finance
2898.15,494410,5076,2603,0.32,0.34,0.54,North America,Google Ads,Finance
7276.82,779666,2213,1532,0.74,1.97,0.09,North America,Google Ads,Education
9004.46,987819,5979,2186,0.35,1.76,0.24,South America,Facebook,Education
5360.94,351705,4070,610,0.41,1.7,0.16,Europe,LinkedIn,Technology
5555.08,805378,9359,2662,0.5,2.13,0.12,Asia,YouTube,Healthcare
1518.13,235314,7364,336,0.92,1.67,0.37,South America,LinkedIn,Retail
4750.42,448716,1677,989,0.27,0.2,0.23,Asia,Google Ads,Retail
5559.86,769900,9303,2461,0.1,1.62,0.22,Europe,YouTube,Education
2803.47,812741,2374,638,0.15,0.42,0.05,North America,Instagram,Education
3057.81,589518,4969,1639,0.91,0.23,0.02,Australia,YouTube,Technology
4084.2,908254,6844,2775,0.68,-0.28,0.1,Australia,LinkedIn,Healthcare
690.68,501872,2526,283,0.35,1.73,0.17,Europe,Facebook,Technology
3559.75,526998,5646,694,0.26,1.63,0.43,Australia,Instagram,Healthcare
2508.76,957531,6952,125,0.36,0.2,0.51,Asia,LinkedIn,Retail
3611.22,529984,2651,870,0.2,1.75,0.14,Australia,Instagram,Technology
1637.74,475757,6511,2013,0.95,2.25,0.42,Europe,YouTube,Education
8960.01,384484,107,702,0.81,-0.18,0.34,Europe,Google Ads,Technology
6139.13,518062,8187,1115,0.52,0.2,0.18,Asia,LinkedIn,Technology
6951.47,593609,2655,2381,0.88,1.75,0.01,Australia,Facebook,Retail
7997.13,142028,575,2171,0.32,0.32,0.47,Australia,YouTube,Education
5235.2,241447,5516,1802,0.75,1.37,0.69,North America,LinkedIn,Education
1325.74,870563,8776,163,0.87,-0.26,0.23,South America,Facebook,Finance
5602.51,451124,7339,1910,0.42,0.86,0.13,Europe,LinkedIn,Finance
6074.99,822395,6810,1437,0.78,1.72,0.89,North America,YouTube,Finance
7581.68,636045,5100,1299,0.37,1.56,0.28,Europe,LinkedIn,Retail
4600.77,442659,4754,324,0.37,1.95,0.22,North America,Instagram,Technology
1712.01,895691,8178,1074,0.2,2.13,0.86,South America,YouTube,Education
3195.87,311207,6163,114,0.5,1.82,0.82,North America,LinkedIn,Education
3949.28,386369,2385,1934,0.76,1.51,0.45,Europe,Google Ads,Technology
6636.21,388544,5323,1923,0.95,-0.4,0.49,Australia,LinkedIn,Education
5922.39,352962,7071,1226,0.64,1.1,0.22,Europe,Instagram,Technology
3882.92,276847,3625,1434,0.88,-0.39,0.08,Asia,Facebook,Retail
9871.89,730488,2922,2411,0.84,1.92,0.57,Asia,Facebook,Retail
6254.86,606387,5043,1782,0.26,0.46,0.1,Asia,Facebook,Retail
2753.65,429065,6630,1970,0.54,1.19,0.45,Asia,Google Ads,Technology
1466.93,697220,358,2790,0.21,0.34,0.94,South America,Instagram,Technology
1952.16,41585,382,1613,0.71,1.85,0.95,Australia,YouTube,Healthcare
2836.6,425231,1998,718,0.95,2.16,0.24,Australia,Facebook,Education
2026.47,577873,4235,660,0.22,0.7,0.62,Europe,Instagram,Education
2272.39,299102,6729,2881,0.76,2.09,0.47,North America,LinkedIn,Healthcare
3208.4,298161,3300,956,0.67,0.3,0.88,Europe,Google Ads,Healthcare
2147.05,396821,5210,670,0.63,1.1,0.27,Europe,Instagram,Retail
9019.27,972854,7267,2156,0.45,2.08,0.0,Europe,Instagram,Healthcare
1262.22,939705,712,2645,0.42,0.48,0.16,Europe,YouTube,Technology
5482.86,825858,787,2339,0.14,2.36,0.35,Australia,Instagram,Finance
4398.77,289922,3790,2460,0.3,-0.13,0.32,North America,YouTube,Technology
9832.6,710601,8904,1142,0.11,-0.45,0.79,Europe,Google Ads,Healthcare
1564.37,52229,2407,709,0.62,2.21,0.68,Australia,Google Ads,Education
4279.63,96652,7233,2256,0.2,-0.29,0.3,Europe,LinkedIn,Technology
9709.97,924699,6609,2048,0.89,2.48,0.46,Asia,YouTube,Education
8722.32,259474,6006,2384,0.57,2.35,0.1,Europe,YouTube,Technology
8262.18,713724,2691,2211,0.73,-0.09,0.9,Europe,Facebook,Education
2950.08,922935,7283,561,0.47,1.11,0.94,South America,Facebook,Technology
2123.43,270116,5348,414,0.6,0.05,0.98,Asia,LinkedIn,Education
6852.11,881310,8866,471,0.95,0.78,0.87,North America,Google Ads,Finance
9329.07,853488,5208,2189,0.17,-0.32,0.17,Europe,Facebook,Retail
5789.25,954994,3704,2848,0.33,0.17,0.05,North America,Instagram,Technology
5930.32,530985,769,883,0.8,0.59,0.58,Asia,Google Ads,Finance
3159.8,29975,4464,93,0.19,0.82,0.91,Europe,Instagram,Retail
7810.18,167795,7429,1432,0.17,2.43,0.18,South America,YouTube,Technology
2276.92,426495,1383,2811,0.43,1.92,0.01,Australia,Google Ads,Finance
3574.95,219373,1023,2685,0.18,1.71,0.81,South America,LinkedIn,Finance
4541.65,939065,1225,230,0.63,1.11,0.08,South America,YouTube,Finance
5322.3,207133,1629,2610,0.3,2.02,0.41,Australia,YouTube,Healthcare
2802.89,884829,9886,1401,0.91,0.52,0.68,Australia,Instagram,Education
1590.95,714513,8538,121,0.81,1.63,0.24,Australia,YouTube,Retail
6300.89,305286,3811,624,0.73,2.48,0.08,Europe,Facebook,Education
3241.99,823348,8104,1591,0.66,0.44,0.77,North America,Google Ads,Education
6021.76,598612,9852,2981,0.88,1.52,0.63,North America,Facebook,Education
1966.45,186037,6374,484,0.3,2.03,0.99,Australia,Instagram,Finance
5070.83,398076,3964,2893,0.89,2.25,0.34,South America,Instagram,Education
5559.6,670008,7933,1923,0.81,1.65,0.06,Asia,Google Ads,Healthcare
992.32,700493,6888,280,0.77,0.35,0.73,Australia,YouTube,Technology
3697.74,978181,326,2478,0.61,0.48,0.52,South America,LinkedIn,Finance
1776.94,630347,364,1930,0.32,-0.44,0.21,South America,Instagram,Retail
1102.06,632605,9687,2764,0.48,1.78,0.78,Europe,Google Ads,Technology
9904.62,735495,745,1400,0.81,-0.37,0.2,Europe,LinkedIn,Technology
3562.36,307190,7644,49,0.13,2.09,0.26,North America,YouTube,Technology
8193.81,450280,5669,1992,0.8,-0.14,0.09,North America,Instagram,Education
2919.09,111459,3090,2246,0.32,0.02,0.4,Asia,Google Ads,Education
6974.28,771985,2604,1003,0.23,0.93,0.42,Asia,Google Ads,Finance
7722.16,210422,9446,2022,0.2,1.71,0.51,Asia,Google Ads,Education
6158.57,842325,687,2593,0.12,-0.08,0.71,Asia,Instagram,Education
4979.97,111520,9277,299,0.57,0.82,0.91,South America,LinkedIn,Education
4412.49,922250,4179,2490,0.3,0.95,0.14,South America,Google Ads,Finance
3814.25,595560,3448,2528,0.99,0.14,0.05,North America,YouTube,Finance
9330.53,757512,6399,2685,0.62,-0.15,0.02,Europe,Google Ads,Healthcare
8390.88,526123,3931,288,0.22,2.01,0.14,Europe,LinkedIn,Healthcare
9667.76,339793,9533,2934,0.72,1.01,0.66,Australia,Instagram,Healthcare
1680.82,336818,8481,590,0.91,-0.46,0.73,South America,Google Ads,Healthcare
7443.24,154832,9272,872,0.77,1.91,0.79,Asia,Google Ads,Technology
9414.23,162999,9990,263,0.17,2.44,0.24,Asia,YouTube,Technology
2221.71,358619,1815,190,0.91,1.32,0.31,Australia,YouTube,Healthcare
1131.71,71367,6550,690,0.81,1.01,0.48,Europe,Google Ads,Healthcare
7540.65,763315,5533,834,0.24,2.14,0.06,Asia,Google Ads,Retail
5957.49,415804,1198,709,0.15,2.36,0.61,Europe,YouTube,Technology
8497.37,918182,7196,2623,0.6,1.76,0.98,Australia,LinkedIn,Retail
1827.84,767038,2426,1359,0.24,0.84,0.36,Europe,Facebook,Retail
8055.04,245806,9187,1390,0.85,1.28,0.75,Europe,Facebook,Education
2415.46,914586,6516,1683,0.42,1.6,0.5,Europe,Google Ads,Finance
2054.73,717593,7080,2737,0.92,0.08,0.13,Asia,YouTube,Technology
2060.53,54738,6863,2448,0.61,0.84,0.58,North America,Instagram,Healthcare
8238.46,567685,1774,1648,0.26,1.99,0.3,South America,Instagram,Healthcare
6819.37,354333,8050,1967,0.23,1.46,0.03,Europe,Facebook,Finance
5469.12,348511,9222,221,0.62,0.73,0.63,Europe,LinkedIn,Technology
3908.89,212332,9015,1548,0.79,1.49,0.86,Europe,Facebook,Healthcare
8833.41,392729,6149,393,0.8,-0.15,0.34,North America,Google Ads,Healthcare
4228.23,873051,1189,1724,0.35,0.7,0.39,Australia,LinkedIn,Education
8257.69,121453,4678,351,0.28,1.88,0.89,Asia,Instagram,Retail
4671.78,29816,9227,1848,0.12,0.16,0.81,North America,YouTube,Healthcare
4080.97,969744,255,1997,0.71,0.06,0.71,Europe,YouTube,Technology
4895.46,933780,9362,853,0.17,2.35,0.25,North America,Google Ads,Finance
3363.09,779299,2058,1544,0.48,0.13,0.91,North America,Facebook,Education
7602.29,875962,6444,429,0.64,0.28,0.15,North America,Google Ads,Technology
5275.84,426715,5879,2808,0.94,2.41,0.63,Australia,YouTube,Education
2706.02,381000,6244,1998,0.38,1.7,0.03,South America,Instagram,Retail
9045.96,223567,5163,1942,0.32,1.6,0.64,Asia,YouTube,Healthcare
4146.97,524933,3930,1859,0.69,2.06,0.28,Australia,LinkedIn,Technology
5663.75,605923,9146,315,0.66,-0.15,0.45,Australia,YouTube,Finance
9111.49,904235,8931,2759,0.4,1.62,0.35,South America,YouTube,Retail
6430.26,226184,9894,878,0.94,1.01,0.17,Australia,LinkedIn,Retail
1610.53,308090,6759,2594,0.86,1.99,0.62,North America,Facebook,Education
9428.41,327348,541,1145,0.3,1.02,0.88,North America,YouTube,Retail
6463.23,192958,6140,1444,0.32,1.36,0.96,Europe,Google Ads,Technology
3681.6,999156,6025,215,0.56,0.93,0.19,Australia,YouTube,Education
1823.08,287707,7458,505,0.8,0.93,0.72,Europe,Google Ads,Retail
8043.24,102324,4728,1919,0.14,1.8,0.66,Asia,LinkedIn,Finance
6390.69,233536,6470,2561,0.72,1.39,0.34,North America,YouTube,Technology
5567.88,767232,9628,1055,0.68,1.4,0.02,Asia,LinkedIn,Finance
8991.98,281991,1048,222,0.31,0.85,0.69,South America,LinkedIn,Finance
7991.67,36155,8279,319,0.71,1.09,0.95,North America,Facebook,Education
1940.91,351815,6215,2718,0.95,1.74,0.63,Asia,YouTube,Healthcare
3461.36,651179,559,2001,0.14,1.98,0.44,South America,Google Ads,Education
2860.65,879742,7668,2810,0.39,1.59,0.53,Asia,Google Ads,Technology
7567.49,470494,4746,281,0.49,2.27,0.2,South America,YouTube,Technology
818.56,159381,492,1832,0.91,1.96,0.75,South America,Facebook,Education
5913.95,141691,1887,2995,0.97,1.19,0.75,North America,Facebook,Healthcare
7743.36,486410,7474,2089,0.5,1.51,0.15,Europe,Facebook,Education
8829.27,453324,1238,452,0.78,2.28,0.88,South America,Google Ads,Technology
3749.78,44707,4841,2219,0.58,1.36,0.27,South America,LinkedIn,Healthcare
8301.94,947841,7518,2824,0.58,1.97,0.98,North America,Facebook,Technology
1551.0,528477,6462,263,0.35,1.57,0.38,Europe,Google Ads,Healthcare
8541.3,877969,2554,530,0.3,1.16,0.18,Australia,Google Ads,Healthcare
1711.14,731864,9758,986,0.36,0.23,0.35,Australia,LinkedIn,Education
4274.23,712974,3774,19,0.6,0.78,0.44,Europe,YouTube,Education
8074.31,756788,1477,2783,0.13,2.4,0.07,Asia,YouTube,Education
1924.22,363299,6801,2562,0.92,1.47,0.58,North America,Facebook,Healthcare
2677.89,796713,2697,2842,0.24,1.19,0.6,Europe,Facebook,Healthcare
7361.4,168492,241,1593,0.3,2.3,0.74,Australia,LinkedIn,Technology
7340.35,484112,2759,2493,0.57,1.26,0.03,South America,Facebook,Finance
6590.9,180102,4696,1144,0.74,1.08,0.54,Australia,LinkedIn,Education
7092.51,404274,9131,162,0.19,1.78,0.05,South America,Google Ads,Technology
5655.88,227285,5761,1668,0.39,1.64,0.7,North America,Facebook,Technology
2892.09,348404,6242,2974,0.97,0.08,0.06,South America,Google Ads,Retail
3784.11,169476,5726,2926,0.34,0.91,0.91,Europe,Instagram,Education
2225.18,768842,8887,2810,0.38,0.92,0.7,South America,LinkedIn,Technology
9130.28,170928,8572,1866,0.85,0.63,0.51,Asia,Instagram,Retail
6042.22,674560,523,1224,0.15,1.05,0.44,Europe,Facebook,Education
4308.09,860610,7099,1762,0.52,0.74,0.13,North America,Google Ads,Healthcare
4889.06,306141,4349,2620,0.44,0.1,0.29,Europe,Facebook,Retail
9499.19,953115,1850,1114,0.38,0.74,0.87,Asia,Instagram,Healthcare
1956.84,653561,4857,2546,0.36,-0.28,0.9,North America,Facebook,Finance
6069.18,706595,2067,904,0.18,1.23,0.0,Australia,YouTube,Finance
5305.94,258500,4188,1121,0.38,2.06,0.59,Asia,Instagram,Finance
6308.82,700417,4278,113,0.14,1.68,0.72,North America,Facebook,Finance
672.05,142311,7889,1924,0.8,0.58,0.62,South America,Google Ads,Technology
8785.18,769034,3046,1016,0.46,-0.24,0.08,Europe,Facebook,Finance
9355.12,255546,9741,416,0.5,0.11,0.22,North America,Google Ads,Technology
5868.77,206733,5494,1411,0.9,1.14,0.25,Europe,YouTube,Technology
7118.18,661233,7980,176,0.69,0.12,0.83,South America,Facebook,Education
9263.74,579560,5175,518,0.11,1.13,0.46,North America,YouTube,Technology
7218.77,885825,7330,1671,0.95,0.19,0.49,Australia,Instagram,Technology
1949.12,857644,1631,2370,0.31,2.05,0.93,Asia,Google Ads,Finance
5974.74,156470,3090,772,0.2,0.69,0.64,North America,Instagram,Technology
6263.79,654318,7255,690,0.79,0.24,0.9,South America,Google Ads,Healthcare
4529.24,328647,4593,2534,0.55,1.94,0.46,North America,YouTube,Finance
7496.22,934142,9435,2130,0.49,0.53,0.15,Europe,LinkedIn,Retail
9376.49,16570,1033,1174,0.32,-0.17,0.93,North America,Facebook,Finance
9292.9,340929,1560,591,0.59,1.21,0.46,Australia,YouTube,Technology
4782.97,543398,2823,271,0.35,1.24,0.18,North America,Google Ads,Healthcare
1575.76,509115,385,1373,0.91,1.64,0.3,Asia,Google Ads,Finance
9855.99,89141,364,1341,0.29,0.22,0.05,North America,Google Ads,Healthcare
8469.53,22115,6916,2302,0.9,0.83,0.47,Europe,Google Ads,Retail
1684.3,49062,1862,1548,0.6,0.35,0.85,North America,Facebook,Retail
9248.0,819343,140,570,0.85,-0.26,0.93,Australia,Instagram,Education
8764.02,638349,5927,1109,0.74,2.13,0.93,South America,LinkedIn,Education
5428.96,304700,8359,1913,0.73,1.69,0.13,North America,Facebook,Finance
6117.12,400479,1087,184,0.39,0.4,0.38,North America,Google Ads,Education
4290.53,536257,7904,2166,0.31,1.3,0.03,Asia,Facebook,Healthcare
1020.24,840185,7889,2240,0.29,0.1,0.86,Australia,YouTube,Education
3684.37,407686,5817,201,0.87,2.17,0.36,South America,Google Ads,Healthcare
8127.11,131863,3298,74,0.84,-0.16,0.63,Europe,LinkedIn,Education
544.0,806657,5474,1507,0.5,-0.49,0.71,North America,Google Ads,Education
3668.24,511076,4890,1577,0.22,1.01,0.43,South America,LinkedIn,Education
4282.6,657296,7283,2921,0.44,1.25,0.31,Europe,LinkedIn,Technology
5605.26,510726,2624,1161,0.66,1.24,0.96,Australia,Instagram,Technology
9238.63,688556,9377,1947,0.51,-0.34,0.96,Australia,Instagram,Education
3790.29,640111,2579,378,0.8,0.44,0.29,South America,Facebook,Healthcare
3796.06,810101,9985,860,1.0,1.0,0.48,Europe,Facebook,Finance
7506.26,964884,5254,52,0.27,0.15,0.97,Australia,LinkedIn,Retail
4796.07,920830,878,1917,0.51,2.12,0.0,South America,Google Ads,Technology
2633.75,644965,9877,2545,0.49,-0.24,0.41,Australia,YouTube,Education
4798.18,781246,1592,87,0.37,0.96,0.1,Australia,YouTube,Retail
1838.14,58320,760,2883,0.28,1.57,0.51,Australia,Google Ads,Technology
2175.68,974918,1448,1834,0.16,0.29,0.02,Asia,Google Ads,Finance
5234.49,506758,9591,1303,0.9,1.37,0.41,Europe,Instagram,Healthcare
4479.79,156649,7951,683,0.48,1.99,0.22,South America,YouTube,Education
9191.04,135354,7256,710,0.55,0.07,0.53,South America,LinkedIn,Finance
3942.74,622297,2144,768,0.93,2.25,1.0,Europe,Facebook,Technology
6015.59,791725,7468,1933,0.8,1.16,0.8,Europe,Instagram,Education
6506.51,458625,3616,2785,0.22,0.4,0.85,Europe,YouTube,Retail
624.4,38625,9350,2982,0.61,0.79,0.64,Europe,Google Ads,Healthcare
6803.61,746400,9268,911,0.5,0.44,0.04,North America,YouTube,Technology
2191.34,296233,4677,2946,0.82,1.68,0.21,South America,LinkedIn,Healthcare
9630.17,46487,827,1002,0.75,1.89,0.93,North America,Instagram,Education
1912.3,469054,7568,1201,0.72,2.0,0.37,Australia,Google Ads,Finance
4438.93,238071,442,2396,0.41,2.46,0.1,Australia,LinkedIn,Healthcare
1310.82,906880,1547,2250,0.82,1.87,0.7,South America,Facebook,Retail
9970.31,498011,6681,1486,0.15,1.3,0.3,Australia,Instagram,Technology
5270.85,322282,6417,2340,0.24,0.52,0.27,Europe,LinkedIn,Retail
6156.16,183895,626,399,0.4,1.13,1.0,North America,LinkedIn,Healthcare
1137.23,440424,6848,1009,0.17,-0.38,0.86,Europe,Google Ads,Finance
7624.62,326205,505,534,0.31,1.73,0.41,Australia,Facebook,Finance
2494.1,958163,8086,1865,0.85,0.84,0.98,North America,LinkedIn,Retail
9031.52,111376,9865,1516,0.95,-0.44,0.65,Europe,Instagram,Education
2448.83,435106,3840,668,0.37,-0.31,0.74,South America,LinkedIn,Education
2311.53,875566,1946,2773,0.34,0.66,0.03,Europe,YouTube,Finance
847.22,843487,1578,900,0.35,1.25,0.12,Australia,Instagram,Retail
4984.64,777629,871,1491,0.35,0.89,0.63,North America,Instagram,Retail
5865.99,291652,5625,461,0.13,1.36,0.9,South America,LinkedIn,Retail
1124.23,969791,8870,2485,0.93,0.94,0.62,North America,Google Ads,Healthcare
7867.51,482132,293,1547,0.29,1.49,0.13,South America,Instagram,Education
4806.24,168056,2107,892,0.48,0.16,0.12,North America,YouTube,Education
5481.71,644457,1285,322,0.11,-0.16,0.84,Australia,Google Ads,Healthcare
4687.25,804557,2494,849,0.87,1.29,0.14,South America,Google Ads,Technology
4307.25,570347,9402,2576,0.76,0.95,0.52,Asia,Google Ads,Healthcare
5816.58,472785,4105,384,0.95,-0.42,0.04,North America,Instagram,Retail
1974.78,637697,7529,460,0.8,0.64,0.08,North America,Google Ads,Healthcare
2228.32,944591,2361,604,0.38,-0.18,0.67,Europe,LinkedIn,Retail
8686.96,509653,3836,1243,0.32,1.09,0.69,South America,Google Ads,Finance
9488.1,539992,6816,509,0.73,0.69,0.34,Asia,YouTube,Retail
4046.44,988080,4975,473,0.43,1.34,0.22,Australia,Facebook,Education
3072.07,738744,9021,122,0.61,1.92,0.81,Europe,YouTube,Healthcare
6618.0,752488,4478,1045,0.11,0.4,0.22,Asia,Instagram,Retail
4382.97,645567,7915,2388,0.16,2.39,0.54,South America,Google Ads,Technology
741.17,999964,3551,1934,0.58,1.11,0.97,Asia,Google Ads,Finance
1983.45,692568,7716,149,0.61,1.35,0.15,North America,LinkedIn,Technology
7301.74,652804,9936,1434,0.78,1.54,0.94,North America,Google Ads,Technology
6759.78,532828,2900,2959,0.22,1.5,0.18,Europe,YouTube,Technology
757.41,488366,8433,526,0.56,1.03,0.57,South America,Instagram,Finance
2608.74,731384,5510,2626,0.28,0.79,0.38,South America,Facebook,Finance
2695.21,967386,1555,1957,0.18,-0.34,0.96,Asia,Google Ads,Finance
6882.98,429139,6992,2903,0.47,-0.43,0.27,Europe,Facebook,Finance
687.25,529777,5908,2175,0.25,0.57,0.4,South America,Google Ads,Technology
1489.03,386188,6896,897,0.3,0.5,0.98,North America,Instagram,Education
8099.2,242549,4896,1351,0.39,0.66,0.54,Asia,YouTube,Education
2196.17,563453,5193,59,0.33,-0.08,0.5,Australia,Instagram,Finance
6701.09,601491,1425,28,0.18,1.71,0.26,North America,Facebook,Healthcare
2762.74,494965,5076,735,0.18,2.07,0.7,Europe,Google Ads,Retail
1444.69,800546,9505,2254,0.27,2.32,0.01,South America,Facebook,Healthcare
2810.14,992469,1259,1483,0.15,0.98,0.05,North America,YouTube,Healthcare
7361.54,46321,4750,2616,0.66,1.6,0.6,Australia,Instagram,Healthcare
8629.12,345441,5087,461,0.36,2.07,0.34,Australia,Facebook,Education
8387.09,893084,4797,2346,0.35,0.75,0.95,Europe,Facebook,Retail
4273.24,895736,440,1174,0.4,0.43,0.9,North America,YouTube,Healthcare
6846.81,255014,3928,1117,0.7,2.31,0.71,Asia,Google Ads,Finance
2447.35,166498,2068,2448,0.88,1.05,0.82,North America,Facebook,Education
3284.9,27772,803,224,0.78,0.99,0.67,Australia,YouTube,Finance
9015.19,900186,5582,1559,0.75,0.04,0.13,Europe,Google Ads,Finance
623.52,800144,6476,2272,0.54,-0.18,0.77,Europe,Google Ads,Healthcare
1312.33,404583,1900,137,0.72,2.03,0.21,Asia,Instagram,Finance
2474.92,248389,5563,1855,0.6,1.34,0.32,Europe,YouTube,Retail
752.06,649430,5012,769,0.29,0.48,0.82,Europe,Google Ads,Finance
2223.64,626024,4748,2461,0.29,0.08,0.54,Europe,Instagram,Healthcare
6038.89,61924,955,1825,0.37,1.17,0.86,Europe,LinkedIn,Finance
4503.53,538014,2966,2395,0.92,1.25,0.21,Europe,YouTube,Education
8980.38,361296,282,2888,0.59,0.12,0.61,Australia,LinkedIn,Education
8265.71,37723,3212,2771,0.76,2.05,0.08,North America,Google Ads,Education
3747.26,923401,5770,370,0.41,-0.25,0.64,South America,YouTube,Technology
2964.52,768470,4592,578,0.47,0.57,0.76,Europe,Instagram,Education
4107.08,896926,5923,1425,0.21,1.54,0.58,South America,Google Ads,Education
6107.8,674468,1617,2275,0.25,0.32,0.27,South America,YouTube,Technology
3046.6,218786,5102,1607,0.84,1.98,0.03,Australia,YouTube,Education
6429.41,569931,1456,1702,0.63,1.72,0.12,Europe,LinkedIn,Healthcare
4389.41,696684,3729,211,0.4,1.87,0.62,South America,Google Ads,Education
5744.45,900328,3728,2074,0.82,-0.14,0.93,Europe,Instagram,Education
4643.2,224432,8310,2379,0.32,-0.08,0.21,Asia,Instagram,Technology
3297.42,149999,6232,527,0.98,0.36,0.74,Asia,Google Ads,Healthcare
9510.31,890112,9424,1358,0.41,1.05,0.87,Asia,Google Ads,Finance
7754.26,368690,6688,1445,0.4,1.74,0.52,South America,Facebook,Retail
1831.08,949947,3411,1351,0.38,2.01,0.67,Asia,LinkedIn,Healthcare
8750.45,89973,6148,690,0.21,1.61,0.82,Australia,Google Ads,Finance
5130.6,859881,6346,1998,0.2,2.29,0.26,Australia,Google Ads,Healthcare
8998.25,644122,1087,1501,0.68,1.72,0.3,South America,Facebook,Finance
8098.62,770674,3421,434,0.89,0.42,0.0,Europe,Facebook,Finance
4539.53,463449,4715,1978,0.81,0.3,0.96,North America,YouTube,Healthcare
713.46,297681,8465,1722,0.23,1.59,0.92,Europe,Instagram,Technology
3052.43,504509,3841,2444,0.59,0.08,0.76,Europe,LinkedIn,Healthcare
5645.53,874008,3152,787,0.2,-0.22,0.08,Europe,YouTube,Healthcare
6518.04,641810,6674,2155,0.14,1.1,0.45,Europe,Google Ads,Finance
2949.93,556900,826,1836,0.69,1.96,0.1,North America,Facebook,Retail
1823.88,235049,3860,217,0.58,-0.2,0.02,Asia,Instagram,Finance
8431.84,278615,5906,1547,0.17,1.88,0.62,Europe,YouTube,Education
9851.82,176703,1975,1669,0.13,1.93,0.96,Australia,Instagram,Healthcare
5494.06,774357,7093,2643,0.99,0.95,0.9,South America,Facebook,Healthcare
2130.95,757419,4133,2223,0.13,-0.33,0.7,South America,YouTube,Technology
3086.92,41348,5543,31,0.5,0.02,0.1,Australia,YouTube,Finance
674.71,205804,1089,163,0.55,1.62,0.27,Europe,Instagram,Technology
9185.84,797609,3844,1972,0.21,1.64,0.32,North America,Facebook,Healthcare
1618.64,145832,8711,228,0.25,2.2,0.76,Asia,Google Ads,Finance
5976.91,304923,693,678,0.42,1.25,0.8,South America,YouTube,Finance
3103.52,293780,1874,1528,0.79,-0.13,0.39,Asia,Google Ads,Education
5764.69,616177,1035,2287,0.56,-0.14,0.42,North America,Facebook,Education
6688.49,63551,3908,2077,0.67,1.66,0.04,South America,YouTube,Retail
8382.55,414772,431,2610,0.99,0.05,0.29,Asia,YouTube,Education
2461.0,955102,8022,959,0.79,0.49,0.45,North America,Google Ads,Finance
604.46,676923,2802,2205,0.49,0.96,0.12,Asia,LinkedIn,Education
1800.41,581107,5989,412,0.5,-0.43,0.45,Europe,Google Ads,Retail
9050.18,345914,5154,605,0.66,0.25,0.85,North America,Google Ads,Healthcare
8801.96,430182,3968,2424,0.7,0.72,0.58,Asia,LinkedIn,Education
6175.42,222781,4300,1447,0.55,0.34,0.08,Europe,Facebook,Finance
6204.91,463105,301,2859,0.68,-0.09,0.19,Europe,Facebook,Healthcare
6817.85,692347,2597,2975,0.12,1.68,0.47,North America,YouTube,Finance
2166.03,875146,1942,1167,0.49,1.94,0.36,Australia,Instagram,Healthcare
9186.91,723708,9201,1752,0.35,0.27,0.36,South America,Instagram,Finance
4478.32,558884,4758,1316,0.22,1.82,0.53,North America,YouTube,Education
4139.82,960678,7644,82,0.19,0.66,0.58,Europe,Instagram,Education
5429.72,860538,7818,490,0.64,1.02,0.8,Europe,Google Ads,Retail
946.18,997471,870,569,0.57,2.07,0.34,North America,Google Ads,Healthcare
2079.69,69182,3255,754,0.33,1.75,0.81,Australia,LinkedIn,Retail
7511.32,359307,1728,1476,0.52,1.92,0.34,South America,LinkedIn,Technology
1286.59,311454,486,109,0.54,-0.09,0.06,Asia,YouTube,Education
6229.95,328232,6131,1092,0.28,-0.29,0.55,North America,YouTube,Healthcare
2830.82,663091,6539,2565,0.69,2.18,0.59,South America,YouTube,Retail
4198.31,149978,6501,2315,0.8,0.66,0.93,South America,Google Ads,Retail
3242.59,833346,4108,422,0.81,0.36,0.73,Europe,Instagram,Technology
3878.89,906782,2566,1098,0.64,1.67,0.92,Asia,YouTube,Retail
7330.94,579667,2382,2652,0.56,2.01,0.91,North America,YouTube,Finance
3322.66,481828,1956,1187,0.15,2.09,0.6,Europe,Google Ads,Education
5880.84,780188,8080,2018,0.36,0.45,0.53,Europe,Google Ads,Retail
5022.48,268517,2098,2323,0.18,2.06,0.56,Australia,Google Ads,Retail
6804.88,965154,5576,830,0.97,-0.38,0.98,South America,Instagram,Technology
9399.88,450097,9528,671,0.22,-0.35,0.77,North America,YouTube,Finance
7459.43,318557,4769,569,0.24,1.37,0.11,North America,Facebook,Retail
2541.93,147084,9442,2974,0.9,-0.31,0.78,North America,Facebook,Education
796.24,715475,4418,2948,0.95,0.47,0.17,Europe,YouTube,Education
2991.51,803583,7164,1281,0.79,1.52,0.45,Australia,YouTube,Retail
6153.24,592004,7546,1823,0.1,0.51,0.21,Asia,YouTube,Finance
988.55,890179,1531,2925,0.1,0.04,0.69,Europe,YouTube,Education
5215.48,758013,5724,619,0.44,0.34,0.88,Asia,Instagram,Education
6170.01,701738,7561,2471,0.23,0.87,0.29,Australia,Facebook,Finance
3675.32,708012,1919,34,0.12,0.93,0.08,South America,LinkedIn,Finance
7823.67,213502,1230,2038,0.52,1.85,0.3,North America,Facebook,Retail
1512.68,154539,6663,293,0.95,1.75,0.67,Asia,Facebook,Healthcare
1213.81,434226,2758,1482,0.39,0.87,0.33,Europe,Google Ads,Technology
7417.79,531863,3600,2938,0.7,2.04,0.28,Asia,YouTube,Healthcare
5207.17,131999,8666,310,0.69,-0.16,0.18,South America,YouTube,Healthcare
7039.82,124793,2220,1101,0.33,0.27,0.5,North America,YouTube,Education
4630.86,982195,4120,1040,0.69,1.98,0.28,Asia,Google Ads,Finance
2840.82,467373,3359,826,0.29,0.63,0.73,South America,Instagram,Education
8281.47,380321,1923,92,0.21,2.44,0.08,Europe,Instagram,Technology
8094.45,22289,1574,1930,0.73,0.9,0.66,Australia,LinkedIn,Retail
7099.62,710336,2342,2103,0.2,1.88,0.24,Europe,Instagram,Technology
3085.38,708956,3343,627,1.0,0.71,0.49,North America,Instagram,Education
6107.19,950675,7090,2985,0.27,0.77,0.29,Europe,YouTube,Education
3929.25,765801,5260,2319,0.63,0.65,0.72,Europe,Facebook,Education
1370.03,267368,3234,185,0.47,1.66,0.95,Europe,Instagram,Education
9214.48,96365,2170,1199,0.21,1.14,0.92,Europe,Instagram,Healthcare
1799.78,764950,459,2714,0.13,2.33,0.58,North America,Google Ads,Retail
9527.25,910446,1241,851,0.66,0.25,0.46,South America,LinkedIn,Healthcare
4737.05,185211,1735,379,0.83,-0.2,0.82,Asia,Google Ads,Education
